CustID,TransID,Age,Salary,TransNumItems,TransTotal
18147,173,22,7686472.91,2,1657.69
48603,301,72,7997777.05,9,1385.84
39598,489,34,9137261.33,6,680.0
18628,1013,54,5048003.28,8,512.58
18628,1189,54,5048003.28,9,1693.32
41862,1438,24,240854.78,5,1856.59
15322,1656,95,3615886.28,1,1858.38
17979,1660,20,5588416.21,15,1844.27
25479,1960,71,9979473.17,4,93.29
44342,2015,39,6694081.76,7,800.15
7747,2282,75,655362.03,8,1094.61
22165,2312,34,6608178.24,7,353.97
30562,2622,69,6794948.19,3,229.78
27651,2927,19,75186.92,12,19.43
34821,3344,65,97583.37,15,229.1
2927,3822,99,5328700.74,2,440.22
45410,3878,20,9773296.01,13,1893.44
44134,4051,86,1195450.06,15,1619.24
17499,4200,30,1706269.07,13,1209.59
34340,4278,19,3392452.67,1,1191.25
49326,4985,30,8278173.31,10,1863.61
13638,5036,21,5203163.34,8,1130.63
8440,5187,44,3998239.44,15,996.29
37098,5376,59,4734900.84,11,1304.13
18147,5382,22,7686472.91,3,1626.98
35484,5459,90,5632698.61,3,532.01
15173,5874,57,6670075.75,6,604.45
11945,5978,98,1635597.23,6,679.08
12568,6237,76,5613902.07,12,44.22
8440,7205,44,3998239.44,7,1963.04
37521,7283,52,9893755.29,3,893.27
28242,7380,83,8957813.8,13,972.94
30421,7626,64,8440341.49,7,1470.04
4590,8222,41,7635406.76,9,290.69
13401,8355,59,3363756.01,6,1883.2
5409,9293,32,7898952.43,8,1000.36
35148,9910,70,6508504.02,2,365.38
29,10054,42,7996517.31,4,345.81
27469,10145,99,1358108.3,1,1148.19
38510,10148,77,8610608.08,14,1995.54
22245,10280,76,1352200.76,15,587.5
7747,10539,75,655362.03,6,258.82
48763,10600,29,6665342.53,13,1236.55
27919,10732,35,8890246.91,1,169.16
39104,11235,22,9161768.78,12,959.1
28242,11315,83,8957813.8,11,1010.92
23492,12045,23,1600839.21,7,606.95
7747,12278,75,655362.03,4,1430.18
34821,12689,65,97583.37,8,1854.32
26,13392,60,9569857.0,7,214.09
45410,13826,20,9773296.01,6,72.46
28762,14655,93,447134.69,10,1583.13
44134,14691,86,1195450.06,8,846.68
26543,14986,69,299701.21,8,1829.76
17048,15034,25,8954582.48,10,270.69
49048,15047,20,3341956.41,6,1971.63
1677,15073,68,2981422.07,3,426.96
28762,15494,93,447134.69,10,1687.74
36103,15859,100,1722009.34,13,1728.63
7747,16210,75,655362.03,3,931.17
38543,16504,46,264766.36,8,614.58
25479,16528,71,9979473.17,5,477.51
19907,16677,29,2580737.53,4,817.45
9968,17157,27,2983443.66,11,942.99
23506,17179,62,7978007.58,2,1355.9
38996,17180,53,5364705.21,3,105.77
8075,17279,99,9132004.61,1,1621.87
28728,17396,28,8528198.43,2,882.36
19141,17555,24,7796379.3,5,1459.12
9233,17818,45,1875429.98,5,756.71
19771,18040,46,2126265.75,5,1263.38
13098,18405,89,198735.92,12,792.83
1806,18551,97,2929992.16,10,1964.02
33013,19435,70,4499642.37,15,237.0
39256,19469,23,7384859.18,11,491.17
15237,20073,89,9141521.02,1,1877.57
29089,20249,42,6062959.85,7,1087.51
39598,20407,34,9137261.33,14,1398.08
1697,20434,71,7989862.23,11,955.38
13248,20465,78,9603715.06,12,1397.88
2250,20616,65,1680748.28,5,941.09
11625,20719,97,7009654.61,8,161.96
39713,20748,23,862382.66,11,492.82
41895,20852,28,3727267.91,13,431.84
31762,21014,95,4459737.8,12,421.78
964,21305,97,9439498.44,10,801.22
19141,21686,24,7796379.3,15,1292.31
44901,21688,100,6642927.37,1,1017.38
23019,21762,45,1731794.94,13,480.5
19158,22603,20,15555.68,5,1359.18
33862,22698,48,8544962.52,6,1047.32
38543,22780,46,264766.36,6,440.78
9233,22916,45,1875429.98,10,1636.39
27563,23125,48,8195458.1,8,124.86
35148,23127,70,6508504.02,14,1759.26
41862,23207,24,240854.78,14,1717.33
34340,23484,19,3392452.67,6,1039.83
13518,23663,34,8776584.77,1,1340.12
39094,24169,56,3443050.01,5,410.22
7279,24219,84,1528721.54,14,1000.45
16742,24383,56,5226879.16,14,700.86
13518,24726,34,8776584.77,9,1901.45
19979,25014,31,9743798.47,13,1302.9
17043,25160,51,9558139.1,11,903.51
11945,25471,98,1635597.23,4,1816.9
4894,25559,82,6522067.49,4,1359.64
29824,25566,96,6316280.72,6,1951.8
27563,25615,48,8195458.1,1,38.9
12044,26187,64,9347686.12,13,582.74
38108,26286,37,5049764.36,6,1544.06
13723,26299,41,3383534.87,9,1919.84
25649,26883,19,158853.57,9,453.72
17043,26913,51,9558139.1,14,282.36
23019,26939,45,1731794.94,13,1585.56
29841,26969,37,2932495.83,13,954.83
40557,27722,48,3861455.95,8,1038.27
25649,27956,19,158853.57,4,819.55
19979,27985,31,9743798.47,8,612.64
6721,28107,45,6029237.64,9,901.79
23492,28344,23,1600839.21,1,195.46
39350,28684,30,221487.8,6,1276.6
15322,28757,95,3615886.28,6,1495.01
9945,28863,88,150010.08,12,1120.39
3506,29070,94,6691170.21,11,1386.49
43367,29099,59,9581444.7,3,266.02
45410,29102,20,9773296.01,3,1791.89
23506,29320,62,7978007.58,6,228.08
45726,29608,68,7450437.96,5,846.4
47492,29684,71,3160222.02,12,1212.32
25207,29716,72,7081992.73,3,23.67
33209,30493,77,3353282.19,1,1790.9
9945,30494,88,150010.08,11,894.64
23019,30895,45,1731794.94,9,967.52
40634,31914,25,4812347.64,11,1055.97
17048,32084,25,8954582.48,12,871.47
964,32344,97,9439498.44,12,1557.26
11938,32861,19,2653355.27,6,686.43
15371,32875,65,3475655.52,13,1045.42
39256,32913,23,7384859.18,7,658.06
15437,33031,60,6971147.65,10,1586.58
15846,33384,98,9464746.06,8,139.34
10959,33946,56,9001504.81,7,1751.05
14846,34138,40,651633.72,15,663.51
1950,34162,30,8011007.58,8,641.13
18628,34345,54,5048003.28,7,585.61
40634,34651,25,4812347.64,11,1260.11
14846,34818,40,651633.72,14,617.11
39520,34882,95,9513591.77,12,212.47
25826,35016,62,2134473.7,6,1823.83
39104,35023,22,9161768.78,5,1888.3
41988,35514,83,9314078.91,9,1138.76
3506,36405,94,6691170.21,11,456.85
9458,36488,64,1863708.99,3,520.81
11434,36603,33,7581733.35,4,403.63
35253,36628,70,8181330.23,10,1475.01
4823,36642,65,3602780.59,2,591.75
28242,37518,83,8957813.8,5,1351.35
38543,38008,46,264766.36,3,982.53
46424,38536,48,846916.98,15,720.07
22165,38537,34,6608178.24,15,344.91
474,38618,58,4475645.96,11,55.51
12568,39321,76,5613902.07,15,1061.28
29089,39451,42,6062959.85,8,598.11
7747,39520,75,655362.03,7,1954.17
25479,39884,71,9979473.17,8,203.0
30928,39933,95,144922.37,1,1790.98
32098,40034,77,408246.72,14,677.91
37261,40063,83,3598917.15,8,1495.13
30428,40576,85,4225812.49,8,1729.56
1697,40643,71,7989862.23,12,1211.86
21209,40711,99,4435119.93,2,373.72
13452,40727,97,3206756.09,11,1517.59
37884,40737,96,5686028.7,2,1131.46
28078,40820,31,8559513.06,10,880.01
32954,40928,88,6877555.51,6,181.86
20532,41604,96,1140225.37,10,357.75
18628,41937,54,5048003.28,2,881.72
18628,42212,54,5048003.28,1,887.42
40436,42331,38,6482470.29,13,1812.0
39627,42468,86,7412744.18,1,676.58
18730,42490,54,3213264.99,2,46.58
16742,43123,56,5226879.16,11,1428.21
27651,43704,19,75186.92,13,217.71
17703,44099,99,6122293.76,2,406.6
40634,44314,25,4812347.64,13,1913.09
9715,44649,75,345881.05,4,1477.18
17703,44833,99,6122293.76,9,1424.89
25826,44949,62,2134473.7,7,1225.6
16597,45270,30,4107445.44,15,520.96
8484,45446,91,7113762.71,5,1423.03
22201,45867,92,3152967.73,5,839.7
2040,46141,44,4585312.42,12,1671.14
23506,46212,62,7978007.58,5,476.01
35323,46424,18,8146460.24,13,812.91
19979,46520,31,9743798.47,6,1288.73
38510,46842,77,8610608.08,2,945.22
5556,47011,44,8360012.48,2,538.36
11619,47474,48,6517570.28,4,506.02
13638,47748,21,5203163.34,3,777.93
3506,48199,94,6691170.21,11,1663.33
9968,48306,27,2983443.66,12,1606.68
40557,48379,48,3861455.95,5,998.62
45410,48420,20,9773296.01,7,1766.18
21899,48567,70,6616814.89,5,1281.0
15437,48722,60,6971147.65,12,642.97
34340,48914,19,3392452.67,13,741.37
48603,48966,72,7997777.05,1,939.56
15237,48977,89,9141521.02,14,1574.32
49326,49026,30,8278173.31,15,577.51
33013,49082,70,4499642.37,3,749.79
41424,49165,75,448691.38,4,1027.39
31762,49215,95,4459737.8,11,116.74
36103,49216,100,1722009.34,7,35.34
40132,49569,61,5451616.74,13,882.86
41424,49618,75,448691.38,3,1731.05
15057,49683,96,2094930.39,14,333.62
19979,49857,31,9743798.47,2,440.18
19771,49903,46,2126265.75,8,736.16
37884,50038,96,5686028.7,10,1771.59
38510,50049,77,8610608.08,11,1341.55
1677,50173,68,2981422.07,4,1993.77
48280,50899,80,9842804.51,9,1881.4
10871,51207,92,6758218.22,3,407.9
32954,51598,88,6877555.51,9,1915.89
12568,51728,76,5613902.07,8,1226.35
3506,51759,94,6691170.21,14,754.51
18730,51763,54,3213264.99,3,541.61
4894,51809,82,6522067.49,9,968.71
37282,51848,93,9414934.23,2,1503.9
9233,51902,45,1875429.98,14,553.96
13452,52075,97,3206756.09,13,648.66
9968,52116,27,2983443.66,14,1871.27
19141,52282,24,7796379.3,7,255.1
28242,52318,83,8957813.8,14,191.29
42969,52404,74,9367010.9,12,990.84
39520,52611,95,9513591.77,6,699.01
48899,52940,67,5985594.36,10,1249.77
48899,53032,67,5985594.36,13,919.37
32098,53280,77,408246.72,3,623.0
21209,53415,99,4435119.93,11,1554.68
21223,53469,68,1175252.3,10,1987.98
45726,53540,68,7450437.96,7,1435.12
14719,54266,27,5011062.99,14,1617.81
43439,54628,49,845538.33,7,1197.42
23116,55031,76,6302004.56,15,1488.52
36103,55068,100,1722009.34,5,182.11
10871,55201,92,6758218.22,1,1068.67
45298,55489,22,8606010.8,2,985.33
15322,55737,95,3615886.28,14,941.68
38108,56357,37,5049764.36,1,1350.25
11945,56755,98,1635597.23,15,443.0
16530,56858,92,1438538.57,2,1577.34
3506,57123,94,6691170.21,10,1105.85
14719,57456,27,5011062.99,13,1942.7
2214,57457,51,2323096.1,9,454.86
34821,57668,65,97583.37,6,1199.2
6721,57757,45,6029237.64,8,1163.9
49586,58017,44,4954925.35,15,1087.61
13452,58320,97,3206756.09,11,841.96
32667,58515,24,9038778.11,15,1029.84
30928,58536,95,144922.37,5,275.96
9458,58758,64,1863708.99,9,1178.8
27651,59229,19,75186.92,3,109.99
14117,59680,100,7111388.76,2,1933.17
36103,59973,100,1722009.34,3,1704.56
19163,60060,71,5358118.68,10,1923.04
49754,60072,59,3545320.18,1,1347.62
30562,60610,69,6794948.19,9,435.89
46424,60678,48,846916.98,14,145.01
46044,60920,67,1873045.14,2,1339.19
2529,62181,80,5790858.27,3,46.67
36103,62486,100,1722009.34,14,172.03
2250,62554,65,1680748.28,9,1375.89
30928,62575,95,144922.37,2,167.66
41424,62785,75,448691.38,4,1944.54
7279,62867,84,1528721.54,13,1236.56
18147,63229,22,7686472.91,9,1867.98
33862,63294,48,8544962.52,3,1995.43
18348,63398,59,9656625.4,2,550.66
18295,63487,95,7114401.06,6,792.56
15663,64490,72,4766957.52,7,925.73
4590,64796,41,7635406.76,2,1418.79
32954,64874,88,6877555.51,1,1537.02
30562,64884,69,6794948.19,11,454.85
11434,64898,33,7581733.35,7,165.33
49586,64939,44,4954925.35,7,1122.46
11434,65051,33,7581733.35,5,1575.96
31703,65093,93,7766320.55,9,553.79
38510,65185,77,8610608.08,12,60.24
18730,65338,54,3213264.99,8,1763.55
33013,66787,70,4499642.37,3,1903.34
15663,66991,72,4766957.52,2,706.15
40132,67046,61,5451616.74,8,1298.76
22429,67388,37,7222414.54,11,373.07
31762,67897,95,4459737.8,3,656.45
25207,68289,72,7081992.73,9,1900.78
32571,68299,90,6189682.92,3,296.99
15846,68305,98,9464746.06,13,1906.34
27469,68610,99,1358108.3,2,1258.29
41862,68899,24,240854.78,4,861.3
11619,68973,48,6517570.28,5,1980.18
47928,69031,60,8628329.62,10,44.7
29089,69036,42,6062959.85,15,1922.82
2453,69985,76,1788301.35,12,1640.51
2453,70441,76,1788301.35,14,474.6
27651,70706,19,75186.92,5,881.36
30025,70716,48,6220274.57,7,324.98
41895,71047,28,3727267.91,9,127.26
49586,71187,44,4954925.35,2,1071.06
14719,71240,27,5011062.99,14,327.14
40557,71266,48,3861455.95,8,1958.66
38287,71381,25,5372822.9,4,1297.8
37310,71456,88,409720.5,12,706.41
15057,71787,96,2094930.39,15,1055.88
39104,71868,22,9161768.78,10,1155.73
15432,71931,97,7677558.52,3,787.44
19158,72666,20,15555.68,1,1797.66
15173,73373,57,6670075.75,12,740.59
29824,73745,96,6316280.72,3,796.41
18295,73789,95,7114401.06,12,620.27
19158,73881,20,15555.68,1,1089.06
28728,74024,28,8528198.43,12,523.14
33862,74080,48,8544962.52,14,280.85
22201,74353,92,3152967.73,11,566.71
10156,74415,83,1762974.93,8,458.61
49326,74589,30,8278173.31,5,911.31
23766,74736,35,2391280.03,2,1407.31
38878,75275,30,6944768.18,15,918.15
28762,75378,93,447134.69,13,521.13
19158,75468,20,15555.68,5,307.19
17048,75712,25,8954582.48,13,1392.92
15322,75846,95,3615886.28,4,1797.81
37884,76173,96,5686028.7,6,1127.31
21223,76187,68,1175252.3,11,1002.6
19158,77323,20,15555.68,2,808.11
33209,77345,77,3353282.19,12,12.35
21223,77405,68,1175252.3,14,579.13
35484,77606,90,5632698.61,5,1712.11
18628,78139,54,5048003.28,15,1765.41
29841,78433,37,2932495.83,1,655.65
49326,78538,30,8278173.31,13,1505.04
32098,78895,77,408246.72,1,32.74
29018,79356,72,182713.01,7,720.28
4823,79371,65,3602780.59,8,1101.1
29,79448,42,7996517.31,15,1482.63
47877,79678,48,7127686.66,10,1578.3
39527,79951,60,6755369.84,1,1330.84
31944,80246,70,9656513.18,1,1439.5
2529,80458,80,5790858.27,15,614.27
42852,80590,93,6284396.5,3,1303.46
964,80702,97,9439498.44,1,1651.38
18295,80766,95,7114401.06,15,1840.1
37884,80864,96,5686028.7,11,1063.41
23766,82181,35,2391280.03,12,1197.46
28728,82269,28,8528198.43,2,400.53
3764,82780,52,503158.97,11,477.23
36102,82953,34,2376852.13,12,991.36
41424,83229,75,448691.38,11,978.84
10959,83396,56,9001504.81,14,1191.15
33760,83473,71,5559271.69,2,301.67
15194,83500,58,3547921.23,5,118.23
45166,84261,44,7635876.29,2,773.49
37282,84604,93,9414934.23,10,456.22
25649,84798,19,158853.57,4,1546.88
46044,85006,67,1873045.14,8,117.72
9458,85082,64,1863708.99,8,812.06
40436,85617,38,6482470.29,13,1845.14
7747,85913,75,655362.03,13,523.1
40132,86130,61,5451616.74,10,1045.73
9233,87702,45,1875429.98,10,749.17
39104,88112,22,9161768.78,2,1053.71
37282,88351,93,9414934.23,3,440.2
35484,88355,90,5632698.61,15,1738.39
26543,88866,69,299701.21,4,1537.36
20532,89016,96,1140225.37,3,1522.61
41988,89244,83,9314078.91,12,163.4
3506,89308,94,6691170.21,8,968.61
30928,89388,95,144922.37,10,68.04
22201,89454,92,3152967.73,14,898.46
964,89664,97,9439498.44,2,1835.58
26486,89759,57,5114601.24,5,1185.78
31762,89768,95,4459737.8,9,1316.36
33209,89951,77,3353282.19,6,1931.51
13098,89954,89,198735.92,3,1746.27
13452,90224,97,3206756.09,12,1354.95
19163,90850,71,5358118.68,15,790.49
7225,90952,91,2155680.22,15,1203.31
13401,91492,59,3363756.01,15,1340.69
25826,91708,62,2134473.7,13,218.69
13638,91825,21,5203163.34,9,209.01
28728,92036,28,8528198.43,8,1425.04
25479,92874,71,9979473.17,12,27.43
1697,93358,71,7989862.23,9,645.76
13248,93395,78,9603715.06,1,101.24
3091,94516,87,8311228.52,12,1661.17
39094,94766,56,3443050.01,3,1050.94
28762,94823,93,447134.69,12,1405.29
11567,95022,94,4311292.66,7,870.79
39598,95058,34,9137261.33,3,606.92
18730,95451,54,3213264.99,15,444.6
39104,95500,22,9161768.78,9,440.4
48763,95607,29,6665342.53,7,933.15
27651,95643,19,75186.92,10,1532.74
5385,95687,36,7014176.14,3,224.6
42969,96119,74,9367010.9,9,170.61
46044,96240,67,1873045.14,5,397.08
40557,96345,48,3861455.95,4,1361.8
1677,97056,68,2981422.07,6,1556.5
46424,97065,48,846916.98,15,855.83
49326,97125,30,8278173.31,4,1837.19
22429,97164,37,7222414.54,8,404.67
49967,97259,85,7770173.57,13,872.28
33209,97520,77,3353282.19,4,555.73
48603,97583,72,7997777.05,11,628.92
18348,97626,59,9656625.4,1,592.24
32098,97708,77,408246.72,15,1907.96
39713,98050,23,862382.66,15,1273.25
40634,98272,25,4812347.64,1,166.29
21223,98471,68,1175252.3,6,1041.73
15846,98648,98,9464746.06,15,881.78
8484,98770,91,7113762.71,15,1764.96
25649,98779,19,158853.57,5,1743.48
49967,98820,85,7770173.57,1,1911.52
21223,99175,68,1175252.3,10,1530.14
30421,99511,64,8440341.49,12,1546.9
39350,99893,30,221487.8,3,1592.84
22129,99909,18,745820.38,3,1147.98
39350,99959,30,221487.8,10,966.1
11567,100392,94,4311292.66,15,672.17
14846,100427,40,651633.72,11,644.68
4823,100465,65,3602780.59,14,744.71
26543,100630,69,299701.21,2,1656.55
46424,100979,48,846916.98,9,1805.61
41424,101012,75,448691.38,10,1418.46
45298,101355,22,8606010.8,7,949.69
13638,101637,21,5203163.34,14,913.14
39256,101651,23,7384859.18,4,999.17
29841,101874,37,2932495.83,10,1635.24
41862,102151,24,240854.78,4,1572.68
21223,102172,68,1175252.3,12,1484.85
474,102436,58,4475645.96,5,283.21
11190,102539,95,8598022.74,3,1383.23
48280,102550,80,9842804.51,15,266.82
32667,102611,24,9038778.11,13,1663.41
26486,102973,57,5114601.24,7,652.15
3091,102991,87,8311228.52,9,296.35
38543,103378,46,264766.36,12,93.53
44342,103382,39,6694081.76,1,164.62
17979,103629,20,5588416.21,10,1499.42
15371,103711,65,3475655.52,8,1393.41
11567,103837,94,4311292.66,8,1780.65
9715,104234,75,345881.05,1,648.45
30428,104272,85,4225812.49,5,1898.09
15371,104891,65,3475655.52,6,109.58
16597,105314,30,4107445.44,2,984.04
42126,105359,66,8050316.76,5,1386.5
31703,105525,93,7766320.55,7,66.09
38108,105534,37,5049764.36,6,1823.06
16530,106118,92,1438538.57,1,676.55
2927,106141,99,5328700.74,12,1125.91
16896,106314,61,8529155.9,9,955.73
18730,106473,54,3213264.99,5,1997.65
8484,106722,91,7113762.71,14,1601.01
5409,106979,32,7898952.43,13,41.19
39256,107135,23,7384859.18,15,1769.82
26543,107145,69,299701.21,1,609.49
19158,107296,20,15555.68,10,443.61
49983,107794,36,1177135.53,6,1183.19
13452,108159,97,3206756.09,7,1169.02
30928,108300,95,144922.37,12,1332.92
31944,108779,70,9656513.18,1,336.74
49586,109083,44,4954925.35,1,1215.25
31703,109164,93,7766320.55,14,1733.53
8484,109364,91,7113762.71,6,297.27
17048,109617,25,8954582.48,14,512.24
34340,109688,19,3392452.67,4,1140.08
4590,109863,41,7635406.76,9,992.17
15194,110029,58,3547921.23,15,1685.6
32571,110680,90,6189682.92,6,1064.45
23116,110864,76,6302004.56,14,839.61
19163,111367,71,5358118.68,6,1305.67
45298,111496,22,8606010.8,13,1216.0
45726,112543,68,7450437.96,7,1382.09
45410,112586,20,9773296.01,11,1911.53
31156,112834,89,3106296.33,8,306.41
18147,113020,22,7686472.91,15,1452.81
3091,113435,87,8311228.52,15,586.58
23116,113452,76,6302004.56,3,1857.23
29824,113502,96,6316280.72,9,793.05
18730,113614,54,3213264.99,3,1193.82
43439,115514,49,845538.33,5,1473.48
32912,115596,20,5687328.86,7,26.39
45166,116049,44,7635876.29,1,1119.81
48603,116416,72,7997777.05,6,251.55
7225,116425,91,2155680.22,10,507.01
37261,116600,83,3598917.15,3,506.71
45726,116606,68,7450437.96,12,292.04
2509,117870,99,8883282.22,5,752.94
29018,117902,72,182713.01,3,1804.14
13401,118091,59,3363756.01,4,720.36
16742,118717,56,5226879.16,5,28.84
32954,118829,88,6877555.51,5,1906.48
47877,119214,48,7127686.66,9,494.4
18147,119238,22,7686472.91,6,200.72
26543,119433,69,299701.21,12,419.15
18295,120173,95,7114401.06,6,965.57
21209,120418,99,4435119.93,15,595.17
11276,120527,74,1699756.47,13,1650.27
15663,120537,72,4766957.52,4,1907.16
20532,120684,96,1140225.37,5,73.45
3091,121082,87,8311228.52,11,1318.27
31944,121152,70,9656513.18,9,1583.16
3506,121418,94,6691170.21,13,1871.21
13452,121503,97,3206756.09,10,1301.5
2250,121540,65,1680748.28,15,1945.56
16896,121644,61,8529155.9,8,199.85
43439,121950,49,845538.33,8,1321.74
33013,122170,70,4499642.37,7,1393.08
43367,122346,59,9581444.7,6,236.17
49048,122603,20,3341956.41,1,1379.81
22165,123113,34,6608178.24,8,1830.16
31944,123271,70,9656513.18,4,1668.49
28728,123292,28,8528198.43,13,1140.9
49048,123800,20,3341956.41,15,1052.09
25479,123946,71,9979473.17,13,1864.17
38878,124204,30,6944768.18,10,1141.51
38287,124239,25,5372822.9,13,1627.47
30428,124456,85,4225812.49,11,605.26
29018,124764,72,182713.01,8,1645.99
15057,124894,96,2094930.39,13,714.42
7279,125528,84,1528721.54,8,1265.91
44134,126455,86,1195450.06,6,316.73
19158,126533,20,15555.68,14,1615.4
5385,127410,36,7014176.14,15,366.33
26486,127746,57,5114601.24,3,1488.95
25479,127769,71,9979473.17,8,1109.77
18196,128518,83,968165.14,8,646.52
22201,128778,92,3152967.73,6,1285.82
11625,128943,97,7009654.61,6,1273.46
18628,129167,54,5048003.28,10,1333.41
39473,129254,22,461072.2,2,586.57
41424,129523,75,448691.38,14,1515.42
40436,129927,38,6482470.29,2,1038.55
7747,130008,75,655362.03,9,1733.83
37282,130096,93,9414934.23,8,495.67
35484,130119,90,5632698.61,3,1637.22
45298,130184,22,8606010.8,5,448.83
15375,130257,24,7527154.81,9,81.99
11938,130423,19,2653355.27,5,1025.7
8484,130427,91,7113762.71,6,602.61
31156,130436,89,3106296.33,10,508.01
36103,130616,100,1722009.34,12,1751.57
36103,130888,100,1722009.34,9,1165.9
4894,131159,82,6522067.49,7,1800.47
38108,131483,37,5049764.36,13,549.66
21965,131644,50,7649658.38,11,1405.4
45410,132096,20,9773296.01,4,1226.0
32667,132270,24,9038778.11,2,1441.57
22245,132271,76,1352200.76,7,737.13
43439,132677,49,845538.33,4,513.29
41862,133198,24,240854.78,11,683.25
28762,133347,93,447134.69,11,1552.82
41424,133433,75,448691.38,3,610.36
32667,133569,24,9038778.11,4,580.66
42126,134112,66,8050316.76,3,1075.29
33760,134152,71,5559271.69,8,774.21
19907,134180,29,2580737.53,2,234.41
15237,134256,89,9141521.02,2,851.19
22429,134340,37,7222414.54,7,1490.13
36103,134507,100,1722009.34,3,770.87
10871,134660,92,6758218.22,9,14.31
10871,134673,92,6758218.22,13,371.33
37310,134994,88,409720.5,12,775.99
47928,135106,60,8628329.62,13,1759.86
4894,135309,82,6522067.49,10,209.14
19771,135544,46,2126265.75,6,351.34
5409,136202,32,7898952.43,13,1458.28
39527,136624,60,6755369.84,8,1490.2
35253,136626,70,8181330.23,14,456.55
19158,137165,20,15555.68,5,1291.34
15846,137458,98,9464746.06,1,1722.32
18147,137468,22,7686472.91,12,40.25
38878,137850,30,6944768.18,14,1202.07
17703,138459,99,6122293.76,12,221.42
18295,138662,95,7114401.06,9,429.46
33209,138813,77,3353282.19,15,1820.19
29089,139148,42,6062959.85,4,1798.03
42126,139453,66,8050316.76,15,418.74
4590,139581,41,7635406.76,2,743.45
1677,139692,68,2981422.07,2,571.05
31762,140003,95,4459737.8,6,620.96
38108,140150,37,5049764.36,9,881.07
44342,140978,39,6694081.76,5,1273.54
3506,141426,94,6691170.21,14,859.79
49983,141659,36,1177135.53,3,1881.86
27919,141673,35,8890246.91,9,330.85
39350,142204,30,221487.8,7,416.84
11938,142302,19,2653355.27,5,834.25
19158,142329,20,15555.68,12,1236.26
47928,142826,60,8628329.62,8,1503.63
2453,142859,76,1788301.35,1,1010.1
35484,143443,90,5632698.61,2,535.57
1806,143515,97,2929992.16,1,571.6
11619,143757,48,6517570.28,2,1471.85
30421,143767,64,8440341.49,12,865.04
49967,144145,85,7770173.57,2,1489.54
4590,144230,41,7635406.76,9,150.66
11567,144307,94,4311292.66,3,169.47
10422,144458,63,8430124.49,13,1448.23
5556,144540,44,8360012.48,15,1531.38
38510,144642,77,8610608.08,8,19.58
13248,145082,78,9603715.06,3,1466.16
10156,145138,83,1762974.93,4,1273.72
18348,145198,59,9656625.4,1,1241.33
1806,145857,97,2929992.16,9,1624.36
41424,145985,75,448691.38,4,907.28
26543,146024,69,299701.21,4,1759.76
33209,146145,77,3353282.19,2,1598.88
3506,146599,94,6691170.21,7,131.84
18628,146601,54,5048003.28,9,832.6
36102,146798,34,2376852.13,1,710.45
30421,147708,64,8440341.49,13,1989.77
31703,147763,93,7766320.55,12,1170.92
32667,147847,24,9038778.11,11,1113.35
43367,148120,59,9581444.7,1,1364.49
15663,148736,72,4766957.52,2,805.99
48280,149005,80,9842804.51,9,1520.09
33209,149539,77,3353282.19,5,1412.73
7747,149655,75,655362.03,6,873.94
15663,149709,72,4766957.52,5,1025.77
32912,150170,20,5687328.86,1,604.29
9233,150253,45,1875429.98,2,804.25
32912,150287,20,5687328.86,6,87.96
19141,150544,24,7796379.3,5,113.95
2250,150855,65,1680748.28,6,1888.51
22165,150932,34,6608178.24,8,296.48
27563,151002,48,8195458.1,6,1584.43
35484,151586,90,5632698.61,9,1157.46
43367,151602,59,9581444.7,2,1911.8
42852,151700,93,6284396.5,11,1984.12
44342,152171,39,6694081.76,6,796.66
39520,153079,95,9513591.77,7,1693.66
32571,153175,90,6189682.92,12,1301.56
18348,153323,59,9656625.4,10,597.78
38510,153331,77,8610608.08,6,587.47
13638,153365,21,5203163.34,10,965.27
31703,153589,93,7766320.55,4,1765.19
11745,153695,61,2362636.67,15,169.29
2453,153726,76,1788301.35,3,667.13
13723,153804,41,3383534.87,3,218.35
19979,153979,31,9743798.47,14,624.74
18628,154003,54,5048003.28,8,39.25
49983,154006,36,1177135.53,15,660.26
32954,154219,88,6877555.51,8,106.63
45726,154257,68,7450437.96,4,1901.11
19771,154346,46,2126265.75,4,1742.23
15432,154475,97,7677558.52,14,55.06
11938,154490,19,2653355.27,13,1616.51
48280,154729,80,9842804.51,4,417.4
21965,154806,50,7649658.38,6,39.13
11625,154827,97,7009654.61,6,668.2
3764,154990,52,503158.97,9,420.48
33760,155077,71,5559271.69,4,459.99
44134,155344,86,1195450.06,3,680.23
13248,155695,78,9603715.06,12,1984.69
9233,155920,45,1875429.98,3,1138.47
36103,156367,100,1722009.34,5,1731.09
13638,156467,21,5203163.34,14,867.64
33862,156687,48,8544962.52,7,482.47
11190,157044,95,8598022.74,11,984.58
42852,157483,93,6284396.5,12,318.59
26543,157633,69,299701.21,10,770.0
30562,157720,69,6794948.19,14,1953.83
4590,157750,41,7635406.76,1,193.88
36103,157786,100,1722009.34,2,864.72
25479,158096,71,9979473.17,1,604.6
19158,158106,20,15555.68,9,576.87
15057,158471,96,2094930.39,9,457.47
5409,158639,32,7898952.43,9,1169.22
8075,158692,99,9132004.61,4,1236.8
28078,158987,31,8559513.06,10,580.49
2927,159307,99,5328700.74,15,557.01
964,159400,97,9439498.44,8,1454.2
32954,159545,88,6877555.51,13,1111.62
44134,159554,86,1195450.06,2,1171.82
18348,159690,59,9656625.4,13,214.49
29018,159703,72,182713.01,1,1557.63
1697,159790,71,7989862.23,14,1380.49
1677,159826,68,2981422.07,15,1771.65
32571,160310,90,6189682.92,2,607.3
11190,160344,95,8598022.74,12,310.57
1806,160877,97,2929992.16,6,1506.42
11276,161085,74,1699756.47,2,1602.41
964,161143,97,9439498.44,6,1324.18
45298,161289,22,8606010.8,1,1297.54
12044,161534,64,9347686.12,8,1793.98
11434,161594,33,7581733.35,15,668.04
21965,161612,50,7649658.38,12,353.25
29018,161875,72,182713.01,8,610.41
21342,162047,58,2576271.37,11,1319.34
13638,162105,21,5203163.34,13,1133.31
29824,162113,96,6316280.72,8,1078.33
11938,162978,19,2653355.27,3,1826.09
15322,163268,95,3615886.28,1,1693.34
20532,163300,96,1140225.37,11,264.72
44342,164287,39,6694081.76,1,1012.57
18348,164585,59,9656625.4,9,1469.25
35253,164634,70,8181330.23,8,570.05
29089,165037,42,6062959.85,15,520.0
28078,165348,31,8559513.06,12,421.02
35148,166191,70,6508504.02,5,1096.27
4823,166389,65,3602780.59,13,1479.45
40557,167009,48,3861455.95,8,1461.2
44342,167420,39,6694081.76,5,364.27
26543,167426,69,299701.21,10,1699.58
9978,167544,74,6204125.03,13,1813.98
27651,167932,19,75186.92,2,36.26
29089,167939,42,6062959.85,1,371.77
23506,168774,62,7978007.58,10,447.56
32954,168845,88,6877555.51,12,228.52
48280,168926,80,9842804.51,2,239.37
15322,170108,95,3615886.28,4,190.78
18348,170313,59,9656625.4,5,1217.46
9945,171189,88,150010.08,9,1018.06
21899,172295,70,6616814.89,9,1323.11
23766,172772,35,2391280.03,14,1093.42
30428,173134,85,4225812.49,6,196.87
46044,173277,67,1873045.14,13,932.12
21899,173279,70,6616814.89,14,1330.83
30562,173351,69,6794948.19,2,830.58
22129,173865,18,745820.38,2,1216.12
40436,173952,38,6482470.29,15,1450.6
27469,173973,99,1358108.3,14,1835.57
40395,173983,20,7564363.05,7,1745.71
42852,173996,93,6284396.5,10,1393.53
31703,174313,93,7766320.55,10,653.07
13518,174351,34,8776584.77,3,1316.33
39527,174467,60,6755369.84,14,1911.09
4894,174876,82,6522067.49,9,1693.87
41988,175036,83,9314078.91,13,1355.73
13638,175147,21,5203163.34,13,1983.44
27919,175494,35,8890246.91,15,393.93
39598,175541,34,9137261.33,15,1020.16
30928,176016,95,144922.37,7,825.84
33209,176056,77,3353282.19,1,377.05
9715,176094,75,345881.05,6,1402.54
15173,176330,57,6670075.75,4,927.52
11945,176339,98,1635597.23,7,1991.96
43367,176567,59,9581444.7,1,1271.38
28242,176794,83,8957813.8,14,752.17
30025,176863,48,6220274.57,4,1409.26
39598,176907,34,9137261.33,1,14.7
9715,177154,75,345881.05,14,1350.6
35323,177308,18,8146460.24,14,1704.42
28762,177889,93,447134.69,15,673.73
40132,178189,61,5451616.74,14,1445.84
45166,178443,44,7635876.29,3,1017.12
47928,178661,60,8628329.62,11,43.01
17048,178750,25,8954582.48,12,1011.55
30421,178798,64,8440341.49,2,1114.43
15663,179021,72,4766957.52,5,53.67
10422,179102,63,8430124.49,2,1990.95
37521,179401,52,9893755.29,6,1112.88
35148,179470,70,6508504.02,15,1421.98
27255,179585,20,5209724.56,4,1882.53
26,179751,60,9569857.0,14,1283.75
15057,179806,96,2094930.39,3,1779.83
39520,179821,95,9513591.77,15,1730.16
10422,179824,63,8430124.49,1,61.02
47877,179836,48,7127686.66,3,99.72
15432,180109,97,7677558.52,5,868.12
38996,180326,53,5364705.21,15,1816.64
5409,180504,32,7898952.43,10,186.74
27919,180575,35,8890246.91,5,1020.72
40634,180578,25,4812347.64,14,1787.19
22201,180849,92,3152967.73,3,348.6
23116,181104,76,6302004.56,14,1117.69
7225,181353,91,2155680.22,3,1086.98
4590,181476,41,7635406.76,13,544.39
39256,181495,23,7384859.18,8,1478.28
11434,181691,33,7581733.35,11,683.19
23019,182086,45,1731794.94,10,1535.53
49967,182121,85,7770173.57,15,36.21
30428,182667,85,4225812.49,9,1380.43
25084,182888,77,166375.09,12,1075.45
43367,183311,59,9581444.7,14,838.73
8440,183323,44,3998239.44,6,1991.16
38287,183414,25,5372822.9,14,682.92
49586,183489,44,4954925.35,1,43.09
8440,183851,44,3998239.44,1,328.91
41424,184244,75,448691.38,9,1326.74
2529,184301,80,5790858.27,1,1622.51
47492,184596,71,3160222.02,3,1939.42
22201,185070,92,3152967.73,11,1811.31
49048,185262,20,3341956.41,2,405.87
32954,185414,88,6877555.51,4,300.19
13401,185693,59,3363756.01,1,1753.36
37261,186080,83,3598917.15,10,1598.92
30928,186161,95,144922.37,8,1777.4
49586,186369,44,4954925.35,1,470.27
11619,186680,48,6517570.28,1,508.07
36102,187092,34,2376852.13,10,1784.28
41424,187161,75,448691.38,13,506.69
38287,187430,25,5372822.9,4,1976.08
15322,187781,95,3615886.28,6,437.03
39104,187789,22,9161768.78,2,415.19
3506,187927,94,6691170.21,9,1335.99
33209,188025,77,3353282.19,9,778.98
1677,188970,68,2981422.07,1,1911.01
11745,189108,61,2362636.67,3,1601.14
41988,189237,83,9314078.91,14,671.83
40436,189383,38,6482470.29,9,1625.51
47492,189414,71,3160222.02,5,937.31
19907,189840,29,2580737.53,13,757.31
18348,190123,59,9656625.4,15,348.47
8484,190208,91,7113762.71,14,140.84
8484,190235,91,7113762.71,4,1864.71
16530,190267,92,1438538.57,7,1027.95
46424,190329,48,846916.98,2,1961.12
19163,190373,71,5358118.68,13,503.63
44901,190437,100,6642927.37,7,190.61
45298,190708,22,8606010.8,5,1242.47
31156,191243,89,3106296.33,6,1277.91
10871,191372,92,6758218.22,14,660.19
23019,191462,45,1731794.94,10,1024.31
3764,191725,52,503158.97,1,554.58
25084,191954,77,166375.09,7,716.12
3091,191969,87,8311228.52,4,1246.15
18295,192270,95,7114401.06,12,192.17
16530,192521,92,1438538.57,6,1799.37
39094,192582,56,3443050.01,5,767.12
30928,192639,95,144922.37,9,1337.33
15371,192769,65,3475655.52,1,1299.21
17971,192816,20,5946401.95,13,1019.73
25649,192848,19,158853.57,5,1425.06
17971,193239,20,5946401.95,13,1179.81
8440,193290,44,3998239.44,1,966.58
1806,194105,97,2929992.16,11,802.34
27469,194260,99,1358108.3,12,1724.58
22245,194482,76,1352200.76,3,1506.15
13098,194719,89,198735.92,10,469.2
35323,194970,18,8146460.24,11,413.71
35148,195676,70,6508504.02,13,1848.95
16896,195706,61,8529155.9,11,1028.37
49136,196045,75,8774702.62,5,169.07
33862,196107,48,8544962.52,1,78.12
18348,196442,59,9656625.4,6,430.92
39256,196708,23,7384859.18,10,625.41
15057,196716,96,2094930.39,4,169.69
19163,196914,71,5358118.68,11,294.91
39713,197047,23,862382.66,1,336.06
37884,197215,96,5686028.7,12,1323.58
2040,197614,44,4585312.42,8,1976.51
19771,197710,46,2126265.75,15,244.62
21342,198362,58,2576271.37,8,1464.99
8075,198432,99,9132004.61,2,715.35
33013,198906,70,4499642.37,3,1505.98
19158,199506,20,15555.68,4,704.56
42969,199582,74,9367010.9,2,820.32
964,200001,97,9439498.44,12,854.53
4823,200203,65,3602780.59,4,1571.59
31762,200296,95,4459737.8,8,679.41
11619,200550,48,6517570.28,12,1373.95
5385,200551,36,7014176.14,12,1679.07
11567,200616,94,4311292.66,9,84.91
39473,200815,22,461072.2,11,1825.17
11190,200975,95,8598022.74,9,974.84
42852,201432,93,6284396.5,1,84.48
46424,201522,48,846916.98,4,443.61
3091,202077,87,8311228.52,13,105.94
18196,202101,83,968165.14,11,1944.48
19163,202330,71,5358118.68,1,1241.95
43367,202594,59,9581444.7,5,341.01
18628,202777,54,5048003.28,10,1794.21
28242,203107,83,8957813.8,9,1622.4
22129,203758,18,745820.38,6,1977.91
46424,203760,48,846916.98,12,18.1
40436,204120,38,6482470.29,8,910.44
34821,204716,65,97583.37,6,907.92
22245,204963,76,1352200.76,6,88.11
25084,205242,77,166375.09,4,820.74
39094,205276,56,3443050.01,2,566.9
34821,205524,65,97583.37,7,473.6
27255,205539,20,5209724.56,5,1392.93
36103,205577,100,1722009.34,1,175.61
49326,205640,30,8278173.31,12,1477.74
26486,205833,57,5114601.24,9,1244.48
2214,206166,51,2323096.1,14,1943.26
34340,206546,19,3392452.67,3,611.01
39094,206619,56,3443050.01,8,249.79
37884,206801,96,5686028.7,12,691.4
11276,206973,74,1699756.47,3,1477.38
43367,207042,59,9581444.7,13,907.58
45298,207600,22,8606010.8,13,129.82
15237,207646,89,9141521.02,14,486.8
31944,208120,70,9656513.18,5,598.69
37261,208133,83,3598917.15,15,125.37
28078,208234,31,8559513.06,11,88.28
28078,208734,31,8559513.06,7,967.12
39713,208843,23,862382.66,15,1383.81
18348,208922,59,9656625.4,14,1109.55
38543,209158,46,264766.36,5,355.81
32912,209174,20,5687328.86,9,1768.43
10959,209175,56,9001504.81,10,1944.53
37261,209378,83,3598917.15,15,1513.51
49136,209526,75,8774702.62,11,441.96
8484,210182,91,7113762.71,10,147.5
15663,210313,72,4766957.52,10,805.13
48603,210318,72,7997777.05,6,1804.68
14719,210320,27,5011062.99,8,1571.25
22429,210391,37,7222414.54,13,1686.73
41424,210403,75,448691.38,7,708.21
23492,210584,23,1600839.21,1,884.84
22201,211030,92,3152967.73,13,1448.7
49048,211337,20,3341956.41,9,891.47
4823,211678,65,3602780.59,7,1699.26
17971,212124,20,5946401.95,5,1289.0
15322,212136,95,3615886.28,12,969.5
21223,212269,68,1175252.3,11,804.28
36103,212270,100,1722009.34,5,1824.03
48280,212877,80,9842804.51,1,1495.97
964,213168,97,9439498.44,14,1246.65
21899,213524,70,6616814.89,6,499.04
9715,213745,75,345881.05,3,994.49
36103,214069,100,1722009.34,15,1162.27
26,214657,60,9569857.0,12,513.14
22245,214924,76,1352200.76,15,218.63
3091,215042,87,8311228.52,10,1739.54
38287,215257,25,5372822.9,14,1969.49
31944,215475,70,9656513.18,1,1275.9
13401,215484,59,3363756.01,12,1253.61
28762,215535,93,447134.69,11,1627.89
5409,215613,32,7898952.43,6,1509.04
15375,215838,24,7527154.81,2,869.39
2040,216157,44,4585312.42,14,1574.45
18628,216414,54,5048003.28,3,1302.21
37282,216875,93,9414934.23,6,1903.51
29824,217001,96,6316280.72,2,1395.91
17979,217131,20,5588416.21,12,920.25
44901,217196,100,6642927.37,4,427.63
34340,217272,19,3392452.67,10,359.14
19979,217767,31,9743798.47,12,1698.41
41895,218494,28,3727267.91,10,1672.62
48603,218730,72,7997777.05,2,1468.21
31944,219154,70,9656513.18,12,979.56
5556,219216,44,8360012.48,5,222.79
16742,219231,56,5226879.16,15,677.81
16742,219284,56,5226879.16,10,102.2
41862,219380,24,240854.78,2,1678.65
25826,219486,62,2134473.7,7,137.05
23116,219496,76,6302004.56,11,1781.29
15432,220081,97,7677558.52,1,1643.24
33013,220607,70,4499642.37,13,352.65
11190,220638,95,8598022.74,8,1619.46
30428,220753,85,4225812.49,5,782.36
20532,221006,96,1140225.37,12,288.69
49983,221155,36,1177135.53,6,775.18
1697,221202,71,7989862.23,15,1531.02
49754,221261,59,3545320.18,11,1126.71
17703,221589,99,6122293.76,10,1024.74
49754,221653,59,3545320.18,1,361.38
27469,221892,99,1358108.3,5,1079.09
34821,222610,65,97583.37,10,573.65
44342,223149,39,6694081.76,14,249.91
19907,223327,29,2580737.53,10,100.35
26486,223353,57,5114601.24,15,1648.19
21223,223499,68,1175252.3,13,419.73
22201,223674,92,3152967.73,3,33.76
47877,223783,48,7127686.66,6,1776.74
15057,224112,96,2094930.39,5,798.07
21899,224248,70,6616814.89,15,1689.91
28762,224256,93,447134.69,10,1954.01
9945,224312,88,150010.08,6,1042.13
49586,224385,44,4954925.35,8,943.65
37282,224454,93,9414934.23,3,552.93
2040,224993,44,4585312.42,7,1773.96
20532,225233,96,1140225.37,12,193.02
42852,225663,93,6284396.5,4,665.0
22429,225734,37,7222414.54,10,971.71
45726,225963,68,7450437.96,12,787.36
5385,226292,36,7014176.14,6,1340.3
23116,226337,76,6302004.56,10,1888.33
26,227087,60,9569857.0,2,1955.24
39598,227131,34,9137261.33,12,1482.8
48280,227442,80,9842804.51,11,1056.28
42969,227495,74,9367010.9,4,1487.02
17979,227564,20,5588416.21,11,1775.32
13248,227727,78,9603715.06,12,1392.06
40132,227790,61,5451616.74,9,1390.49
46044,228030,67,1873045.14,5,1647.95
29,228088,42,7996517.31,14,1414.84
15173,228216,57,6670075.75,2,756.45
48603,228384,72,7997777.05,5,582.44
38287,228504,25,5372822.9,5,462.38
45410,228534,20,9773296.01,2,594.82
41862,228798,24,240854.78,14,1131.51
15173,229355,57,6670075.75,13,588.44
31762,229431,95,4459737.8,5,1485.19
34821,229746,65,97583.37,6,1750.27
40436,229851,38,6482470.29,10,1676.08
